{"cameraMode":{"drawMode":0,"name":"Shaded","section":"Shading Mode"},"sceneLighting":true,"audioPlay":false,"sceneViewState":{"m_AlwaysRefresh":false,"showFog":true,"showSkybox":true,"showFlares":true,"showImageEffects":true,"showParticleSystems":true,"showVisualEffectGraphs":true,"m_FxEnabled":true},"in2DMode":false,"pivot":{"x":15.279828071594239,"y":-5.755859851837158,"z":-18.136096954345704},"rotation":{"x":0.00942702405154705,"y":-0.9863734245300293,"z":0.15241721272468568,"w":0.061026617884635928},"size":11.411661148071289,"orthographic":false}