{"cameraMode":{"drawMode":0,"name":"Shaded","section":"Shading Mode"},"sceneLighting":false,"audioPlay":false,"sceneViewState":{"m_AlwaysRefresh":false,"showFog":true,"showSkybox":false,"showFlares":true,"showImageEffects":true,"showParticleSystems":true,"showVisualEffectGraphs":true,"m_FxEnabled":true},"in2DMode":false,"pivot":{"x":1.1117585897445679,"y":0.45232442021369936,"z":-0.3206465542316437},"rotation":{"x":-0.06820659339427948,"y":0.918099582195282,"z":-0.34590017795562746,"w":-0.18104833364486695},"size":1.1708059310913087,"orthographic":false}